<?xml version="1.0" encoding="UTF-8"?>
<beans xmlns="http://www.springframework.org/schema/beans"
    xmlns:mvc="http://www.springframework.org/schema/mvc"
   
    xmlns:context="http://www.springframework.org/schema/context"
    xmlns:xsi="http://www.w3.org/2001/XMLSchema-instance"
    xsi:schemaLocation="
        http://www.springframework.org/schema/beans
        http://www.springframework.org/schema/beans/spring-beans.xsd
        http://www.springframework.org/schema/mvc
        http://www.springframework.org/schema/mvc/spring-mvc.xsd
        http://www.springframework.org/schema/context
    	http://www.springframework.org/schema/context/spring-context.xsd">

	<context:annotation-config>
	</context:annotation-config>
	 <!-- Initialization for data source -->
   <bean id="dataSource" 
      class = "org.springframework.jdbc.datasource.DriverManagerDataSource">
      <property name = "driverClassName" value = "com.mysql.jdbc.Driver"/>
      <property name = "url" value = "jdbc:mysql://localhost:3306/world"/>
      <property name = "username" value = "root"/>
      <property name = "password" value = "root"/>
   </bean>
	<mvc:annotation-driven />
 
    <context:component-scan base-package="com.advancejava"></context:component-scan>


	
    <mvc:annotation-driven enable-matrix-variables="true"/>
    <mvc:resources location="/resources/" mapping="/resources/**"></mvc:resources>
    <bean id="sessionFactory" class="org.springframework.orm.hibernate4.LocalSessionFactoryBean">
    	<property name="dataSource" ref="dataSource">
    	</property>
    	<property name="packagesToScan" value="com.advancejava.entity"></property>
 
    	<property name="hibernateProperties">
	    	<props>
	    			<prop key="dialect">
	    			org.hibernate.dialect.MySQLDialect
	    			</prop>
	    			<prop key="hibernate.show_sql">
	    			true
	    			</prop>
	
	    			
	    	</props>
    	</property>
    </bean>
    
    </beans>

